[
  {
    "uuid": "31e2ec6b-c72a-3866-8f96-7384d8900dcf",
    "name": "valera7",
    "level": 2,
    "bypassesPlayerLimit": false
  },
  {
    "uuid": "2b11d5b6-faae-385f-bf94-0417766d8b32",
    "name": "semen",
    "level": 2,
    "bypassesPlayerLimit": false
  },
  {
    "uuid": "abee7a85-c23d-3858-ab93-bd6a3e417a06",
    "name": "KoXXpOWER",
    "level": 2,
    "bypassesPlayerLimit": false
  },
  {
    "uuid": "7844c113-2115-3c22-8249-3e82585c33ee",
    "name": "kuzik",
    "level": 2,
    "bypassesPlayerLimit": false
  }
]